"Symbol","Name","LastSale","MarketCap","ADR TSO","IPOyear","Sector","Industry","Summary Quote",
"FAX","Aberdeen Asia-Pacific Income Fund Inc","6.07","1613484448.68","n/a","1986","n/a","n/a","http://www.nasdaq.com/symbol/fax",
"IAF","Aberdeen Australia Equity Fund Inc","10.2298","230928743.0058","n/a","1985","n/a","n/a","http://www.nasdaq.com/symbol/iaf",
"CH","Aberdeen Chile Fund, Inc.","13.96","131035498.12","n/a","n/a","n/a","n/a","http://www.nasdaq.com/symbol/ch",
"ETF","Aberdeen Emerging Markets Smaller Company Opportunities Fund I","20.04","165263166.6","n/a","1992","n/a","n/a","http://www.nasdaq.com/symbol/etf",
"FCO","Aberdeen Global Income Fund, Inc.","10.94","12697474996.46","n/a","1992","n/a","n/a","http://www.nasdaq.com/symbol/fco",
"IF","Aberdeen Indonesia Fund, Inc.","11.45","108606078.15","n/a","1990","n/a","n/a","http://www.nasdaq.com/symbol/if",
"ISL","Aberdeen Israel Fund, Inc.","14.88","63421387.2","n/a","1992","n/a","n/a","http://www.nasdaq.com/symbol/isl",
"ACU","Acme United Corporation.","13.4","42145706.8","n/a","1988","Capital Goods","Industrial Machinery/Components","http://www.nasdaq.com/symbol/acu",
"AE","Adams Resources & Energy, Inc.","65.6","276674297.6","n/a","n/a","Energy","Oil Refining/Marketing","http://www.nasdaq.com/symbol/ae",
"ADK","Adcare Health Systems Inc","4.42","65364232.96","n/a","n/a","Health Care","Hospital/Nursing Management","http://www.nasdaq.com/symbol/adk",
"ADK^A","Adcare Health Systems Inc","28.5","0","n/a","n/a","n/a","n/a","http://www.nasdaq.com/symbol/adk^a",
"API","Advanced Photonix, Inc.","0.56","17448226.32","n/a","n/a","Technology","Semiconductors","http://www.nasdaq.com/symbol/api",
"ACY","AeroCentury Corp.","21.28","32840508.96","n/a","n/a","Technology","Diversified Commercial Services","http://www.nasdaq.com/symbol/acy",
"AIRI","Air Industries Group, Inc.","6.15","35123221.95","n/a","n/a","Capital Goods","Military/Government/Technical","http://www.nasdaq.com/symbol/airi",
"AA^","Alcoa Inc.","90.95","0","n/a","n/a","Capital Goods","Metal Fabrications","http://www.nasdaq.com/symbol/aa^",
"AXX","Alderon Iron Ore Corp.","0.92","119732633.64","n/a","n/a","Basic Industries","Precious Metals","http://www.nasdaq.com/symbol/axx",
"AXU","Alexco Resource Corp","1.11","69457026.78","n/a","n/a","Basic Industries","Precious Metals","http://www.nasdaq.com/symbol/axu",
"ANV","Allied Nevada Gold Corp.","6.88","715111809.6","n/a","n/a","Basic Industries","Precious Metals","http://www.nasdaq.com/symbol/anv",
"AAU","Almaden Minerals, Ltd.","1.53","91979501.13","n/a","n/a","Basic Industries","Precious Metals","http://www.nasdaq.com/symbol/aau",
"APT","Alpha Pro Tech, Ltd.","1.55","30283160.65","n/a","n/a","Health Care","Industrial Specialties","http://www.nasdaq.com/symbol/apt",
"ALTV","Alteva (D/B/A)","9.65","59390539","n/a","n/a","Public Utilities","Telecommunications Equipment","http://www.nasdaq.com/symbol/altv",
"DIT","AMCON Distributing Company","79","49226085","n/a","n/a","Consumer Non-Durables","Food Distributors","http://www.nasdaq.com/symbol/dit",
"APP","American Apparel Inc","1.96","216115681.88","n/a","1994","Finance","Business Services","http://www.nasdaq.com/symbol/app",
"ADGE","American DG Energy Inc.","1.81","87768226.73","n/a","n/a","Energy","Electric Utilities: Central","http://www.nasdaq.com/symbol/adge",
"ALN","American Lorain Corporation","0.91","31501209.74","n/a","n/a","Consumer Non-Durables","Packaged Foods","http://www.nasdaq.com/symbol/aln",
"AMS","American Shared Hospital Services","2.87","13218846.9","n/a","n/a","Health Care","Medical Specialities","http://www.nasdaq.com/symbol/ams",
"AQQ","American Spectrum Realty, Inc.","2.45","8741058.55","n/a","n/a","Consumer Services","Real Estate Investment Trusts","http://www.nasdaq.com/symbol/aqq",
"AMPE","Ampio Pharmaceuticals, Inc.","6.39","237015247.32","n/a","n/a","Health Care","Major Pharmaceuticals","http://www.nasdaq.com/symbol/ampe",
"AXN","Aoxing Pharmaceutical Company, Inc.","0.225","11208334.95","n/a","n/a","Health Care","Major Pharmaceuticals","http://www.nasdaq.com/symbol/axn",
"AGX","Argan, Inc.","16.27","227362300.29","n/a","n/a","Basic Industries","Engineering & Construction","http://www.nasdaq.com/symbol/agx",
"AMCO","Armco Metals Holdings, Inc.","0.3111","7305961.9968","n/a","n/a","n/a","n/a","http://www.nasdaq.com/symbol/amco",
"ARR/WS","ARMOUR Residential REIT, Inc.","0.01","0","n/a","n/a","n/a","n/a","http://www.nasdaq.com/symbol/arr/ws",
"HRT","Arrhythmia Research Technology Inc.","2.4496","6624303.8544","n/a","n/a","Health Care","Biotechnology: Electromedical & Electrotherapeutic Apparatus","http://www.nasdaq.com/symbol/hrt",
"AKG","Asanko Gold Inc.","2.64","224490652.32","n/a","n/a","Basic Industries","Mining & Quarrying of Nonmetallic Minerals (No Fuels)","http://www.nasdaq.com/symbol/akg",
"ATL","Atlatsa Resources Corporation","0.31","62585426.63","n/a","1986","Basic Industries","Precious Metals","http://www.nasdaq.com/symbol/atl",
"AZC","Augusta Resource Corporation","2.18","314687495.16","n/a","n/a","Basic Industries","Precious Metals","http://www.nasdaq.com/symbol/azc",
"AWX","Avalon Holdings Corporation","3.55","13501825.05","n/a","n/a","Public Utilities","Environmental Services","http://www.nasdaq.com/symbol/awx",
"AVL","Avalon Rare Metals, Inc.","0.7717","80100134.0962","n/a","1980","Basic Industries","Precious Metals","http://www.nasdaq.com/symbol/avl",
"ASM","Avino Silver","0.8699","23864779.1866","n/a","1992","Basic Industries","Precious Metals","http://www.nasdaq.com/symbol/asm",
"BTG","B2Gold Corp","2.64","1718300189.76","n/a","n/a","Basic Industries","Precious Metals","http://www.nasdaq.com/symbol/btg",
"BONE","Bacterin International Holdings, Inc.","0.58","24802321.92","n/a","n/a","Health Care","Biotechnology: Biological Products (No Diagnostic Substances)","http://www.nasdaq.com/symbol/bone",
"BTN","Ballantyne Strong, Inc","4.33","61056451.01","n/a","1995","Miscellaneous","Industrial Machinery/Components","http://www.nasdaq.com/symbol/btn",
"BKJ","Bancorp of New Jersey, Inc","14.89","78796867.48","n/a","n/a","Finance","Major Banks","http://www.nasdaq.com/symbol/bkj",
"BCV","Bancroft Fund Limited","17.87","96046871.85","n/a","n/a","n/a","n/a","http://www.nasdaq.com/symbol/bcv",
"BAA","BANRO CORPORATION","0.747","188319201.984","n/a","n/a","Basic Industries","Precious Metals","http://www.nasdaq.com/symbol/baa",
"BHB","Bar Harbor Bankshares, Inc.","39.54","155319011.46","n/a","n/a","Finance","Major Banks","http://www.nasdaq.com/symbol/bhb",
"BRN","Barnwell Industries, Inc.","3.33","27562942.8","n/a","n/a","Energy","Oil & Gas Production","http://www.nasdaq.com/symbol/brn",
"BXE","Bellatrix Exploration Ltd","6.84","738168210.36","n/a","n/a","Energy","Oil & Gas Production","http://www.nasdaq.com/symbol/bxe",
"BIR^A","Berkshire Income Realty, Inc.","26.9","0","n/a","n/a","n/a","n/a","http://www.nasdaq.com/symbol/bir^a",
"BTX","BioTime, Inc.","4.03","233466846.6","n/a","n/a","Health Care","Biotechnology: Biological Products (No Diagnostic Substances)","http://www.nasdaq.com/symbol/btx",
"BMJ","Birks & Mayors Inc.","1.787","26507662.857","n/a","n/a","Consumer Services","Consumer Specialties","http://www.nasdaq.com/symbol/bmj",
"BZM","BlackRock Maryland Municipal Bond Trust","14.0095","16260080069.7355","n/a","2002","n/a","n/a","http://www.nasdaq.com/symbol/bzm",
"BLE","BlackRock Municipal Income Trust II","14","327956846","n/a","1992","n/a","n/a","http://www.nasdaq.com/symbol/ble",
"BLJ","Blackrock New Jersey Municipal Bond Trust","14.03","16283873327.27","n/a","2002","n/a","n/a","http://www.nasdaq.com/symbol/blj",
"BFY","BlackRock New York Municipal Income Trust II","13.8","68941722.6","n/a","2002","n/a","n/a","http://www.nasdaq.com/symbol/bfy",
"BPS","BlackRock Pennsylvania Strategic Municipal Trust (The)","12.4039","25206151.2485","n/a","1994","n/a","n/a","http://www.nasdaq.com/symbol/bps",
"BHV","BlackRock Virginia Municipal Bond Trust","16.48","19127457764.32","n/a","2002","n/a","n/a","http://www.nasdaq.com/symbol/bhv",
"BDR","Blonder Tongue Laboratories, Inc.","0.975","10305969.375","n/a","1995","Technology","Radio And Television Broadcasting And Communications Equipment","http://www.nasdaq.com/symbol/bdr",
"BVX","Bovie Medical Corporation","3.25","57888792","n/a","n/a","Health Care","Medical/Dental Instruments","http://www.nasdaq.com/symbol/bvx",
"BWL/A","Bowl America, Inc.","13.75","0","n/a","n/a","Consumer Services","Services-Misc. Amusement & Recreation","http://www.nasdaq.com/symbol/bwl/a",
"BZC","Breeze-Eastern Corporation","8.85","84747794.7","n/a","n/a","Capital Goods","Military/Government/Technical","http://www.nasdaq.com/symbol/bzc",
"BRD","Brigus Gold Corp","0.528","122438935.872","n/a","n/a","Basic Industries","Precious Metals","http://www.nasdaq.com/symbol/brd",
"BTI","British American Tobacco p.l.c.","106.45","101613304587.6","n/a","n/a","Consumer Non-Durables","Farming/Seeds/Milling","http://www.nasdaq.com/symbol/bti",
"CAK","CAMAC Energy Inc.","0.72","112481887.68","n/a","n/a","Energy","Oil & Gas Production","http://www.nasdaq.com/symbol/cak",
"CDY","Cardero Resource Corporation","0.088","9682116.224","n/a","n/a","Basic Industries","Precious Metals","http://www.nasdaq.com/symbol/cdy",
"CXM","Cardium Therapeutics, Inc.","1.2701","8227838.6203","n/a","n/a","Health Care","Biotechnology: Biological Products (No Diagnostic Substances)","http://www.nasdaq.com/symbol/cxm",
"ROX","Castle Brands, Inc.","0.34","37339658.84","n/a","2006","Consumer Non-Durables","Beverages (Production/Distribution)","http://www.nasdaq.com/symbol/rox",
"CAW","CCA Industries, Inc.","3.38","23844013.96","n/a","n/a","Consumer Non-Durables","Package Goods/Cosmetics","http://www.nasdaq.com/symbol/caw",
"CVM","Cel-Sci Corporation","0.2171","67134765.0103","n/a","n/a","Health Care","Biotechnology: Biological Products (No Diagnostic Substances)","http://www.nasdaq.com/symbol/cvm",
"CEF","Central Fund of Canada Limited","14.22","3618033178.86","n/a","n/a","n/a","n/a","http://www.nasdaq.com/symbol/cef",
"GTU","Central Gold Trust","46.32","893929680","n/a","n/a","n/a","n/a","http://www.nasdaq.com/symbol/gtu",
"CET","Central Securities Corporation","22.7499","521203302.9864","n/a","n/a","n/a","n/a","http://www.nasdaq.com/symbol/cet",
"CCF","Chase Corporation","28.53","259112227.41","n/a","n/a","Consumer Durables","Building Products","http://www.nasdaq.com/symbol/ccf",
"CQP","Cheniere Energy Partners, LP","29.84","9721753027.92","n/a","2007","Public Utilities","Oil/Gas Transmission","http://www.nasdaq.com/symbol/cqp",
"LNG","Cheniere Energy, Inc.","30.02","7244422557.44","n/a","n/a","Public Utilities","Oil/Gas Transmission","http://www.nasdaq.com/symbol/lng",
"CVR","Chicago Rivet & Machine Co.","26.579","25678822.428","n/a","n/a","Technology","Industrial Machinery/Components","http://www.nasdaq.com/symbol/cvr",
"CHGS","China GengSheng Minerals, Inc.","0.11","2948334.84","n/a","n/a","Consumer Durables","Miscellaneous manufacturing industries","http://www.nasdaq.com/symbol/chgs",
"CMFO","China Marine Food Group Limited","0.72","21400542.72","n/a","n/a","Consumer Non-Durables","Packaged Foods","http://www.nasdaq.com/symbol/cmfo",
"CNR","China Metro-Rural Holdings Limited","1.09","80162722.38","n/a","n/a","Finance","Real Estate","http://www.nasdaq.com/symbol/cnr",
"CPHI","China Pharma Holdings, Inc.","0.205","8933809.185","n/a","n/a","Health Care","Major Pharmaceuticals","http://www.nasdaq.com/symbol/cphi",
"CKX","CKX Lands, Inc.","15.07","29273399.65","n/a","n/a","Energy","Oil & Gas Production","http://www.nasdaq.com/symbol/ckx",
"CGR","Claude Resources, Inc.","0.21","36920388.96","n/a","n/a","Basic Industries","Precious Metals","http://www.nasdaq.com/symbol/cgr",
"GLV","Clough Global Allocation Fund","15.51","161840739.06","n/a","2004","n/a","n/a","http://www.nasdaq.com/symbol/glv",
"GLQ","Clough Global Equity Fund","15.36","274033228.8","n/a","2005","n/a","n/a","http://www.nasdaq.com/symbol/glq",
"GLO","Clough Global Opportunities Fund","13.06","675683378.54","n/a","1988","n/a","n/a","http://www.nasdaq.com/symbol/glo",
"CRV","Coast Distribution System, Inc. (The)","3.48","17083020.72","n/a","n/a","Capital Goods","Automotive Aftermarket","http://www.nasdaq.com/symbol/crv",
"MOC","Command Security Corporation","1.45","13185717.1","n/a","n/a","Consumer Services","Diversified Commercial Services","http://www.nasdaq.com/symbol/moc",
"CIX","CompX International Inc.","13.77","170639313.39","n/a","1998","Capital Goods","Industrial Machinery/Components","http://www.nasdaq.com/symbol/cix",
"LODE","Comstock Mining, Inc.","1.98","113268014.64","n/a","n/a","Basic Industries","Precious Metals","http://www.nasdaq.com/symbol/lode",
"CTO","Consolidated-Tomoka Land Co.","40.94","239506860.48","n/a","n/a","Finance","Real Estate","http://www.nasdaq.com/symbol/cto",
"CEP","Constellation Energy Partners, LLC","2.05","48668492.4","n/a","n/a","Energy","Oil & Gas Production","http://www.nasdaq.com/symbol/cep",
"MCF","Contango Oil & Gas Company","39.22","595946017.44","n/a","1990","Energy","Oil & Gas Production","http://www.nasdaq.com/symbol/mcf",
"CUO","Continental Materials Corporation","14.51","23893239.74","n/a","n/a","Capital Goods","Building Materials","http://www.nasdaq.com/symbol/cuo",
"CMT","Core Molding Technologies Inc","9.06","65920197.6","n/a","1992","Consumer Non-Durables","Plastic Products","http://www.nasdaq.com/symbol/cmt",
"CRMD","CorMedix Inc","0.9","12027081.6","n/a","n/a","Health Care","Major Pharmaceuticals","http://www.nasdaq.com/symbol/crmd",
"CRMD/WS","CorMedix Inc","0.12","0","n/a","n/a","n/a","n/a","http://www.nasdaq.com/symbol/crmd/ws",
"CFP","Cornerstone Progressive Return Fund","5.5","138268658","n/a","n/a","n/a","n/a","http://www.nasdaq.com/symbol/cfp",
"CRF","Cornerstone Strategic Return Fund, Inc. (The)","6.77","68602028.03","n/a","1994","n/a","n/a","http://www.nasdaq.com/symbol/crf",
"CLM","Cornerstone Strategic Value Fund, Inc.","7.1","132105937","n/a","1987","n/a","n/a","http://www.nasdaq.com/symbol/clm",
"COVR","Cover-All Technologies Inc.","1.31","34097473.86","n/a","n/a","Technology","Computer Software: Prepackaged Software","http://www.nasdaq.com/symbol/covr",
"CVU","CPI Aerostructures, Inc.","10.97","92059735.38","n/a","n/a","Capital Goods","Military/Government/Technical","http://www.nasdaq.com/symbol/cvu",
"CIK","Credit Suisse Asset Management Income Fund, Inc.","3.77","192350387.71","n/a","n/a","n/a","n/a","http://www.nasdaq.com/symbol/cik",
"DHY","Credit Suisse High Yield Bond Fund","3.06","297288715.5","n/a","1998","n/a","n/a","http://www.nasdaq.com/symbol/dhy",
"EXE","Crexendo, Inc.","3.0699","32760094.0212","n/a","n/a","Technology","EDP Services","http://www.nasdaq.com/symbol/exe",
"CRVP","Crystal Rock Holdings, Inc.","0.8801","18806778.5711","n/a","n/a","Consumer Non-Durables","Food Distributors","http://www.nasdaq.com/symbol/crvp",
"CTP","CTPartners Executive Search Inc.","4.25","29823316.75","n/a","2010","Technology","Diversified Commercial Services","http://www.nasdaq.com/symbol/ctp",
"DXR","Daxor Corporation","7.11","29289374.82","n/a","n/a","Health Care","Medical/Dental Instruments","http://www.nasdaq.com/symbol/dxr",
"DEJ","Dejour Energy Inc.","0.195","29038692.93","n/a","n/a","Energy","Oil & Gas Production","http://www.nasdaq.com/symbol/dej",
"VCF","Delaware Investments Colorado Municipal Income Fund, Inc","13.04","63075784","n/a","1993","n/a","n/a","http://www.nasdaq.com/symbol/vcf",
"VFL","Delaware Investments Florida Insured Municipal Income Fund","12.2141","55310855.6463","n/a","1993","n/a","n/a","http://www.nasdaq.com/symbol/vfl",
"VMM","Delaware Investments Minnesota Municipal Income Fund II, Inc.","12.99","149449625.25","n/a","1993","n/a","n/a","http://www.nasdaq.com/symbol/vmm",
"DLA","Delta Apparel, Inc.","15.9","129152011.2","n/a","n/a","Consumer Non-Durables","Apparel","http://www.nasdaq.com/symbol/dla",
"DNN","Denison Mine Corp","1.25","562293347.5","n/a","n/a","Basic Industries","Precious Metals","http://www.nasdaq.com/symbol/dnn",
"DGSE","DGSE Companies, Inc.","2.4001","29222619.1584","n/a","n/a","Consumer Services","Consumer Specialties","http://www.nasdaq.com/symbol/dgse",
"DPW","Digital Power Corporation","0.71","4872836.5","n/a","n/a","Capital Goods","Industrial Machinery/Components","http://www.nasdaq.com/symbol/dpw",
"DSS","Document Security Systems, Inc.","1.73","37557414.24","n/a","n/a","Technology","EDP Services","http://www.nasdaq.com/symbol/dss",
"DMF","Dreyfus Municipal Income, Inc.","8.91","184486120.83","n/a","1988","n/a","n/a","http://www.nasdaq.com/symbol/dmf",
"GRF","Eagle Capital Growth Fund, Inc.","7.86","24563474.64","n/a","n/a","n/a","n/a","http://www.nasdaq.com/symbol/grf",
"ESTE","Earthstone Energy, Inc.","13.936","24140636","n/a","n/a","Energy","Oil & Gas Production","http://www.nasdaq.com/symbol/este",
"EVM","Eaton Vance California Municipal Bond Fund","10.4","226264334.4","n/a","2002","n/a","n/a","http://www.nasdaq.com/symbol/evm",
"EIA","Eaton Vance California Municipal Bond Fund II","10.89","42310154.7","n/a","2002","n/a","n/a","http://www.nasdaq.com/symbol/eia",
"CEV","Eaton Vance California Municipal Income Trust","11.76","85349270.16","n/a","1999","n/a","n/a","http://www.nasdaq.com/symbol/cev",
"EVV","Eaton Vance Limited Duration Income Fund","15.56","1828419251.84","n/a","2003","n/a","n/a","http://www.nasdaq.com/symbol/evv",
"MAB","Eaton Vance Massachusetts Municipal Bond Fund","12.7206","22496559.1884","n/a","2002","n/a","n/a","http://www.nasdaq.com/symbol/mab",
"MMV","Eaton Vance Massachusetts Municipal Income Trust","12.86","35371700.06","n/a","1999","n/a","n/a","http://www.nasdaq.com/symbol/mmv",
"MIW","Eaton Vance Michigan Municipal Bond Fund","11.7899","17850674.9435","n/a","2002","n/a","n/a","http://www.nasdaq.com/symbol/miw",
"EMI","Eaton Vance Michigan Municipal Income Trust","11.5","24337381","n/a","1999","n/a","n/a","http://www.nasdaq.com/symbol/emi",
"EIM","Eaton Vance Municipal Bond Fund","11.57","788706652.5","n/a","2002","n/a","n/a","http://www.nasdaq.com/symbol/eim",
"EIV","Eaton Vance Municipal Bond Fund II","11.07","110848127.67","n/a","2002","n/a","n/a","http://www.nasdaq.com/symbol/eiv",
"EMJ","Eaton Vance New Jersey Municipal Bond Fund","12.29","32063503.9","n/a","2002","n/a","n/a","http://www.nasdaq.com/symbol/emj",
"EVJ","Eaton Vance New Jersey Municipal Income Trust","12.48","58354670.4","n/a","1999","n/a","n/a","http://www.nasdaq.com/symbol/evj",
"ENX","Eaton Vance New York Municipal Bond Fund","11.79","187420737.15","n/a","2002","n/a","n/a","http://www.nasdaq.com/symbol/enx",
"NYH","Eaton Vance New York Municipal Bond Fund II","11.53","29596829.73","n/a","2002","n/a","n/a","http://www.nasdaq.com/symbol/nyh",
"EVY","Eaton Vance New York Municipal Income Trust","12.6","68933894.4","n/a","1999","n/a","n/a","http://www.nasdaq.com/symbol/evy",
"EIO","Eaton Vance Ohio Municipal Bond Fund","12.09","30666381.72","n/a","2002","n/a","n/a","http://www.nasdaq.com/symbol/eio",
"EVO","Eaton Vance Ohio Municipal Income Trust","12.4901","35683641.1554","n/a","1999","n/a","n/a","http://www.nasdaq.com/symbol/evo",
"EIP","Eaton Vance Pennsylvania Municipal Bond Fund","12.09","35783486.31","n/a","2002","n/a","n/a","http://www.nasdaq.com/symbol/eip",
"EVP","Eaton Vance Pennsylvania Municipal Income Trust","11.8357","32192133.4726","n/a","1999","n/a","n/a","http://www.nasdaq.com/symbol/evp",
"ELMD","Electromed, Inc.","1.196","9704645.392","n/a","2010","Health Care","Biotechnology: Electromedical & Electrotherapeutic Apparatus","http://www.nasdaq.com/symbol/elmd",
"ETAK","Elephant Talk Communications Corp.","0.82","96941190.48","n/a","n/a","Public Utilities","Telecommunications Equipment","http://www.nasdaq.com/symbol/etak",
"ELLO","Ellomay Capital Ltd.","8.22","87891289.62","n/a","n/a","Public Utilities","Electric Utilities: Central","http://www.nasdaq.com/symbol/ello",
"ECF","Ellsworth Convertible Growth and Income Fund, Inc.","7.83","105766716.06","n/a","1986","n/a","n/a","http://www.nasdaq.com/symbol/ecf",
"EMAN","eMagin Corporation","3.54","83852673.84","n/a","n/a","Technology","Semiconductors","http://www.nasdaq.com/symbol/eman",
"EOX","Emerald Oil, Inc.","7.35","312266646.3","n/a","n/a","Energy","Oil & Gas Production","http://www.nasdaq.com/symbol/eox",
"MSN","Emerson Radio Corporation","1.71","46392012.72","n/a","n/a","Consumer Non-Durables","Consumer Electronics/Appliances","http://www.nasdaq.com/symbol/msn",
"EGI","Entree Gold Inc","0.333","48862550.205","n/a","n/a","Basic Industries","Precious Metals","http://www.nasdaq.com/symbol/egi",
"EVI","EnviroStarm, Inc.","1.82","12801392.24","n/a","n/a","Consumer Services","Other Consumer Services","http://www.nasdaq.com/symbol/evi",
"ERB","ERBA Diagnostics, Inc.","0.74","32307083.54","n/a","1983","Health Care","Major Pharmaceuticals","http://www.nasdaq.com/symbol/erb",
"ESP","Espey Mfg. & Electronics Corp.","26.14","61290196.6","n/a","n/a","Capital Goods","Industrial Machinery/Components","http://www.nasdaq.com/symbol/esp",
"ETUA","eUnits 2 Year U.S. Market Participation Trust","11.26","29595660.14","n/a","n/a","n/a","n/a","http://www.nasdaq.com/symbol/etua",
"ETUB","eUnits 2 Year U.S. Market Participation Trust","11.2","0","n/a","n/a","n/a","n/a","http://www.nasdaq.com/symbol/etub",
"EMXX","Eurasian Minerals Inc.","1.28","92743731.2","n/a","n/a","Basic Industries","Precious Metals","http://www.nasdaq.com/symbol/emxx",
"EVBN","Evans Bancorp, Inc.","17.92","75089405.44","n/a","n/a","Finance","Major Banks","http://www.nasdaq.com/symbol/evbn",
"EVK","Ever-Glory International Group, Inc.","3.08","45515038.8","n/a","n/a","Consumer Non-Durables","Apparel","http://www.nasdaq.com/symbol/evk",
"EPM","Evolution Petroleum Corporation, Inc.","12.02","344012892.82","n/a","n/a","Energy","Oil & Gas Production","http://www.nasdaq.com/symbol/epm",
"EPM^A","Evolution Petroleum Corporation, Inc.","26.2001","0","n/a","n/a","n/a","n/a","http://www.nasdaq.com/symbol/epm^a",
"XRA","Exeter Resource Corporation","0.81","71610279.93","n/a","n/a","Basic Industries","Mining & Quarrying of Nonmetallic Minerals (No Fuels)","http://www.nasdaq.com/symbol/xra",
"FU","FAB Universal Corp.","3.71","76892940.6","n/a","n/a","Technology","Computer Software: Prepackaged Software","http://www.nasdaq.com/symbol/fu",
"FCSC","Fibrocell Science Inc","5.49","144002200.41","n/a","n/a","Health Care","Major Pharmaceuticals","http://www.nasdaq.com/symbol/fcsc",
"FPP","FieldPoint Petroleum Corporation","3.93","31720350.48","n/a","n/a","Energy","Oil & Gas Production","http://www.nasdaq.com/symbol/fpp",
"FPP/WS","FieldPoint Petroleum Corporation","0.55","0","n/a","n/a","n/a","n/a","http://www.nasdaq.com/symbol/fpp/ws",
"MXN","First American Minnesota Municipal Income Fund II, Inc.","14.1","20762334.6","n/a","2002","n/a","n/a","http://www.nasdaq.com/symbol/mxn",
"FEN","First Trust Energy Income and Growth Fund","34.33","567812329.57","n/a","2004","n/a","n/a","http://www.nasdaq.com/symbol/fen",
"FWV","First West Virginia Bancorp, Inc.","17.25","29820592.5","n/a","n/a","Finance","Major Banks","http://www.nasdaq.com/symbol/fwv",
"BDL","Flanigan&#39;s Enterprises, Inc.","9.52","17701935.44","n/a","n/a","Consumer Services","Restaurants","http://www.nasdaq.com/symbol/bdl",
"FSI","Flexible Solutions International Inc.","1.12","14750389.92","n/a","1998","Basic Industries","Major Chemicals","http://www.nasdaq.com/symbol/fsi",
"FSP","Franklin Street Properties Corp.","14.26","1428672395.3","n/a","n/a","Consumer Services","Real Estate Investment Trusts","http://www.nasdaq.com/symbol/fsp",
"FTF","Franklin Templeton Limited Duration Income Trust","12.93","346938173.76","n/a","2003","n/a","n/a","http://www.nasdaq.com/symbol/ftf",
"FRD","Friedman Industries Inc.","9.8","66634551.2","n/a","1972","Capital Goods","Steel/Iron Ore","http://www.nasdaq.com/symbol/frd",
"FRS","Frisch&#39;s Restaurants, Inc.","19.1","96692890.5","n/a","n/a","Consumer Services","Restaurants","http://www.nasdaq.com/symbol/frs",
"GGN","GAMCO Global Gold, Natural Reources & Income Trust by Gabelli","10.38","1050613215.48","n/a","2005","n/a","n/a","http://www.nasdaq.com/symbol/ggn",
"GGN^B","GAMCO Global Gold, Natural Reources & Income Trust by Gabelli","21.84","0","n/a","n/a","n/a","n/a","http://www.nasdaq.com/symbol/ggn^b",
"EGAS","Gas Natural Inc.","10.28","86246650.56","n/a","n/a","Public Utilities","Oil/Gas Transmission","http://www.nasdaq.com/symbol/egas",
"GST","Gastar Exploration","3.45","212495939.7","n/a","n/a","Energy","Oil & Gas Production","http://www.nasdaq.com/symbol/gst",
"GST^A","Gastar Exploration","24.05","0","n/a","n/a","n/a","n/a","http://www.nasdaq.com/symbol/gst^a",
"JOB","General Employment Enterprises, Inc.","0.3715","8061429.2625","n/a","n/a","Technology","Diversified Commercial Services","http://www.nasdaq.com/symbol/job",
"GMO","General Moly, Inc","1.95","177339333.6","n/a","n/a","Basic Industries","Precious Metals","http://www.nasdaq.com/symbol/gmo",
"GPR","GeoPetro Resources Co","0.0699","3402807.0726","n/a","n/a","Energy","Oil & Gas Production","http://www.nasdaq.com/symbol/gpr",
"GIG","GigOptix, Inc.","1.3593","30352840.0494","n/a","n/a","Technology","Semiconductors","http://www.nasdaq.com/symbol/gig",
"GTT","Global Telecom","4.3","97785749.6","n/a","n/a","Public Utilities","Telecommunications Equipment","http://www.nasdaq.com/symbol/gtt",
"GSB","GlobalSCAPE, Inc.","1.69","31172922.04","n/a","n/a","Technology","Computer Software: Prepackaged Software","http://www.nasdaq.com/symbol/gsb",
"GLOW","Glowpoint, Inc.","0.89","25558921.21","n/a","n/a","Public Utilities","Telecommunications Equipment","http://www.nasdaq.com/symbol/glow",
"GORO","Gold Resource Corporation","7.84","417710252.96","n/a","n/a","Basic Industries","Precious Metals","http://www.nasdaq.com/symbol/goro",
"GSV","Gold Standard Ventures Corporation","0.64","53644869.76","n/a","n/a","Basic Industries","Mining & Quarrying of Nonmetallic Minerals (No Fuels)","http://www.nasdaq.com/symbol/gsv",
"AUMN","Golden Minerals Company","1.32","64769461.68","n/a","n/a","Basic Industries","Precious Metals","http://www.nasdaq.com/symbol/aumn",
"GSS","Golden Star Resources, Ltd","0.4751","123101246.347","n/a","n/a","Basic Industries","Precious Metals","http://www.nasdaq.com/symbol/gss",
"GV","Goldfield Corporation (The)","2.3","58538114.2","n/a","n/a","Basic Industries","Water Supply","http://www.nasdaq.com/symbol/gv",
"GRC","Gorman-Rupp Company (The)","33.37","700666319.41","n/a","n/a","Capital Goods","Fluid Controls","http://www.nasdaq.com/symbol/grc",
"GHM","Graham Corporation","33.19","333182162.89","n/a","n/a","Technology","Industrial Machinery/Components","http://www.nasdaq.com/symbol/ghm",
"GTE","Gran Tierra Energy Inc.","6.3","1698336738","n/a","n/a","Energy","Oil & Gas Production","http://www.nasdaq.com/symbol/gte",
"GPL","Great Panther Silver Limited","0.81","111856992.12","n/a","n/a","Basic Industries","Precious Metals","http://www.nasdaq.com/symbol/gpl",
"GRH","GreenHunter Resources, Inc.","1.2999","43488062.2071","n/a","n/a","Basic Industries","Major Chemicals","http://www.nasdaq.com/symbol/grh",
"GRH^C","GreenHunter Resources, Inc.","18.9","0","n/a","n/a","n/a","n/a","http://www.nasdaq.com/symbol/grh^c",
"SIM","Grupo Simec, S.A. de C.V.","12.26","2033971650.46","n/a","1993","Basic Industries","Steel/Iron Ore","http://www.nasdaq.com/symbol/sim",
"GVP","GSE Systems, Inc.","1.6","29359740.8","n/a","n/a","Technology","Computer Software: Prepackaged Software","http://www.nasdaq.com/symbol/gvp",
"HWG","Hallwood Group Incorporated","9.7","14794110.2","n/a","n/a","Basic Industries","Textiles","http://www.nasdaq.com/symbol/hwg",
"HEB","Hemispherx BioPharma, Inc.","0.233","38964567.399","n/a","n/a","Health Care","Biotechnology: Biological Products (No Diagnostic Substances)","http://www.nasdaq.com/symbol/heb",
"HLM^","Hillman Group Capital Trust","29.112","0","n/a","n/a","n/a","n/a","http://www.nasdaq.com/symbol/hlm^",
"HMG","HMG/Courtland Properties, Inc.","18.1","17638920.6","n/a","n/a","Consumer Services","Real Estate Investment Trusts","http://www.nasdaq.com/symbol/hmg",
"HH","Hooper Holmes, Inc.","0.4","27934154.8","n/a","n/a","Health Care","Hospital/Nursing Management","http://www.nasdaq.com/symbol/hh",
"HUSA","Houston American Energy Corporation","0.34","17741215.3","n/a","n/a","Energy","Oil & Gas Production","http://www.nasdaq.com/symbol/husa",
"IBIO","iBio, Inc.","0.53","30046810.35","n/a","n/a","Health Care","Major Pharmaceuticals","http://www.nasdaq.com/symbol/ibio",
"IBO","IBO (Listing Market - NYSE Amex Network B F)","2.1","0","n/a","n/a","n/a","n/a","http://www.nasdaq.com/symbol/ibo",
"IEC","IEC Electronics Corp.","3.36","33570737.76","n/a","n/a","Technology","Electrical Products","http://www.nasdaq.com/symbol/iec",
"IG","IGI Laboratories, Inc.","1.41","60959157.45","n/a","n/a","Health Care","Biotechnology: Biological Products (No Diagnostic Substances)","http://www.nasdaq.com/symbol/ig",
"IMUC","ImmunoCellular Therapeutics, Ltd.","2.34","123384650.22","n/a","n/a","Health Care","Major Pharmaceuticals","http://www.nasdaq.com/symbol/imuc",
"IMH","Impac Mortgage Holdings, Inc.","9.97","86360608.59","n/a","1995","Consumer Services","Real Estate Investment Trusts","http://www.nasdaq.com/symbol/imh",
"IMO","Imperial Oil Limited","42.42","35955150046.62","n/a","n/a","Energy","Integrated oil Companies","http://www.nasdaq.com/symbol/imo",
"IOT","Income Opportunity Realty Investors, Inc.","4.15","17298088.1","n/a","n/a","Consumer Services","Real Estate Investment Trusts","http://www.nasdaq.com/symbol/iot",
"IGC","India Globalization Capital Inc.","1.47","10260744.06","n/a","1987","Basic Industries","Precious Metals","http://www.nasdaq.com/symbol/igc",
"IGC/WS","India Globalization Capital Inc.","0.0114","0","n/a","n/a","n/a","n/a","http://www.nasdaq.com/symbol/igc/ws",
"INFU","InfuSystems Holdings, Inc.","1.699","37042472.985","n/a","1992","Health Care","Medical/Dental Instruments","http://www.nasdaq.com/symbol/infu",
"IHT","InnSuites Hospitality Trust","1.6963","15635763.991","n/a","n/a","Consumer Services","Real Estate Investment Trusts","http://www.nasdaq.com/symbol/iht",
"INO","Inovio Pharmaceuticals, Inc.","1.24","223126667.64","n/a","n/a","Health Care","Medical/Dental Instruments","http://www.nasdaq.com/symbol/ino",
"NSPR","InspireMD, Inc.","2.16","74124426.24","n/a","n/a","Health Care","Medical/Dental Instruments","http://www.nasdaq.com/symbol/nspr",
"IFMI","Institutional Financial Markets, Inc.","2.46","30103275.84","n/a","n/a","Finance","Investment Bankers/Brokers/Service","http://www.nasdaq.com/symbol/ifmi",
"IDN","Intellicheck Mobilisa, Inc.","0.3496","9692403.7432","n/a","1999","Technology","Computer Software: Prepackaged Software","http://www.nasdaq.com/symbol/idn",
"INS","Intelligent Systems Corporation","1.2031","10777403.4868","n/a","1992","Capital Goods","Metal Fabrications","http://www.nasdaq.com/symbol/ins",
"THM","International Tower Hill Mines Ltd","0.605","59331525.99","n/a","1984","Basic Industries","Precious Metals","http://www.nasdaq.com/symbol/thm",
"INUV","Inuvo, Inc","0.88","20494511.84","n/a","n/a","Consumer Services","Advertising","http://www.nasdaq.com/symbol/inuv",
"VKI","Invesco Advantage Municipal Income Trust II","10.84","481089508.84","n/a","n/a","n/a","n/a","http://www.nasdaq.com/symbol/vki",
"ICH","Investors Capital Holdings, Ltd.","4.99","35416734.58","n/a","1997","Finance","Finance/Investors Services","http://www.nasdaq.com/symbol/ich",
"ISR","IsoRay, Inc.","0.55","19036334.35","n/a","n/a","Health Care","Medical/Dental Instruments","http://www.nasdaq.com/symbol/isr",
"ITI","Iteris, Inc.","1.78","58108528.98","n/a","n/a","Consumer Durables","Telecommunications Equipment","http://www.nasdaq.com/symbol/iti",
"KBX","Kimber Resources Inc","0.16","13519660.16","n/a","n/a","Basic Industries","Mining & Quarrying of Nonmetallic Minerals (No Fuels)","http://www.nasdaq.com/symbol/kbx",
"LTS","Ladenburg Thalmann Financial Services Inc","1.99","365224413.44","n/a","n/a","Finance","Investment Bankers/Brokers/Service","http://www.nasdaq.com/symbol/lts",
"LTS^A","Ladenburg Thalmann Financial Services Inc","25.36","0","n/a","n/a","n/a","n/a","http://www.nasdaq.com/symbol/lts^a",
"LSG","Lake Shore Gold Corp","0.3125","130193820","n/a","n/a","Basic Industries","Precious Metals","http://www.nasdaq.com/symbol/lsg",
"LCI","Lannett Co Inc","13.43","385221889.55","n/a","n/a","Health Care","Major Pharmaceuticals","http://www.nasdaq.com/symbol/lci",
"LAQ","Latin America Equity Fund, Inc. (The)","31.4","233883433.8","n/a","1991","n/a","n/a","http://www.nasdaq.com/symbol/laq",
"LGL","LGL Group, Inc. (The)","6.21","16194052.98","n/a","n/a","Capital Goods","Industrial Machinery/Components","http://www.nasdaq.com/symbol/lgl",
"LBY","Libbey, Inc.","24.79","520539056.55","n/a","1993","Capital Goods","Industrial Machinery/Components","http://www.nasdaq.com/symbol/lby",
"LON","Loncor Resources Inc.","0.15","11015959.8","n/a","n/a","Basic Industries","Precious Metals","http://www.nasdaq.com/symbol/lon",
"LEI","Lucas Energy, Inc.","1.33","35556528.56","n/a","n/a","Energy","Oil & Gas Production","http://www.nasdaq.com/symbol/lei",
"MCZ","Mad Catz Interactive Inc","0.58","36816891.42","n/a","n/a","Consumer Non-Durables","Recreational Products/Toys","http://www.nasdaq.com/symbol/mcz",
"MVG","Mag Silver Corporation","5.65","339800706.7","n/a","n/a","Basic Industries","Precious Metals","http://www.nasdaq.com/symbol/mvg",
"MHR^C","Magnum Hunter Resources Corporation","25.67","0","n/a","n/a","n/a","n/a","http://www.nasdaq.com/symbol/mhr^c",
"MHR^D","Magnum Hunter Resources Corporation","47.38","0","n/a","n/a","n/a","n/a","http://www.nasdaq.com/symbol/mhr^d",
"MHR^E","Magnum Hunter Resources Corporation","24.24","0","n/a","n/a","n/a","n/a","http://www.nasdaq.com/symbol/mhr^e",
"MHE","Massachusetts Health and Education Tax-Exempt Trust","12.17","14125070448.53","n/a","1993","n/a","n/a","http://www.nasdaq.com/symbol/mhe",
"MSTX","Mast Therapeutics, Inc.","0.5","23132643","n/a","n/a","Health Care","Major Pharmaceuticals","http://www.nasdaq.com/symbol/mstx",
"MHH","Mastech Holdings, Inc","7.82","26144566.9","n/a","n/a","Consumer Services","Professional Services","http://www.nasdaq.com/symbol/mhh",
"MDGN","Medgenics, Inc.","4.74","87601399.92","n/a","n/a","Health Care","Biotechnology: Biological Products (No Diagnostic Substances)","http://www.nasdaq.com/symbol/mdgn",
"MDGN/WS","Medgenics, Inc.","1.76","0","n/a","n/a","n/a","n/a","http://www.nasdaq.com/symbol/mdgn/ws",
"MEET","MeetMe, Inc.","1.71","65198430.27","n/a","n/a","Consumer Services","Advertising","http://www.nasdaq.com/symbol/meet",
"IPB","Merrill Lynch & Co., Inc.","25.16","0","n/a","n/a","Finance","Finance: Consumer Services","http://www.nasdaq.com/symbol/ipb",
"MEA","Metalico Inc","1.39","66657458.34","n/a","n/a","Basic Industries","Metal Fabrications","http://www.nasdaq.com/symbol/mea",
"MXC","Mexco Energy Corporation","5.77","11752716.82","n/a","1972","Energy","Oil & Gas Production","http://www.nasdaq.com/symbol/mxc",
"CCA","MFS California Insured Municipal Trust","10.27","28614664.26","n/a","1984","n/a","n/a","http://www.nasdaq.com/symbol/cca",
"MGT","MGT Capital Investments Inc","4.39","27673883.94","n/a","n/a","Miscellaneous","Multi-Sector Companies","http://www.nasdaq.com/symbol/mgt",
"BKR","Michael Baker Corporation","29.37","283938939.24","n/a","n/a","Consumer Services","Other Consumer Services","http://www.nasdaq.com/symbol/bkr",
"MSL","MidSouth Bancorp","15.83","177909982.38","n/a","n/a","Finance","Major Banks","http://www.nasdaq.com/symbol/msl",
"MDW","Midway Gold Corporation","0.9599","124420537.0572","n/a","n/a","Basic Industries","Precious Metals","http://www.nasdaq.com/symbol/mdw",
"MGH","Minco Gold Corporation","0.2269","11431157.3335","n/a","n/a","Basic Industries","Precious Metals","http://www.nasdaq.com/symbol/mgh",
"MGN","Mines Management, Inc.","0.575","16674857.4","n/a","1985","Basic Industries","Precious Metals","http://www.nasdaq.com/symbol/mgn",
"MXA","Minnesota Municipal Income Portfolio Inc.","15.11","62657286.73","n/a","1993","n/a","n/a","http://www.nasdaq.com/symbol/mxa",
"MDM","Mountain Province Diamonds Inc.","4.91","462365621.41","n/a","n/a","Basic Industries","Precious Metals","http://www.nasdaq.com/symbol/mdm",
"MVF","MuniVest Fund, Inc.","9.57","11107389005.13","n/a","1993","n/a","n/a","http://www.nasdaq.com/symbol/mvf",
"MZA","MuniYield Arizona Fund, Inc.","13.39","15541059433.51","n/a","1993","n/a","n/a","http://www.nasdaq.com/symbol/mza",
"NHC","National HealthCare Corporation","48.08","676254912.16","n/a","n/a","Health Care","Hospital/Nursing Management","http://www.nasdaq.com/symbol/nhc",
"NHC^A","National HealthCare Corporation","14.8505","0","n/a","n/a","n/a","n/a","http://www.nasdaq.com/symbol/nhc^a",
"NAVB","Navidea Biopharmaceuticals, Inc.","3.06","365945733.54","n/a","n/a","Health Care","Biotechnology: In Vitro & In Vivo Diagnostic Substances","http://www.nasdaq.com/symbol/navb",
"NBS","Neostem, Inc.","6.65","128876694.1","n/a","n/a","Health Care","Hospital/Nursing Management","http://www.nasdaq.com/symbol/nbs",
"NBW","Neuberger Berman California Intermediate Municipal Fund Inc.","14.41","79687300","n/a","2002","n/a","n/a","http://www.nasdaq.com/symbol/nbw",
"NHS","Neuberger Berman High Yield Strategies Fund","13.07","15169652486.63","n/a","n/a","n/a","n/a","http://www.nasdaq.com/symbol/nhs",
"NBH","Neuberger Berman Intermediate Municipal Fund Inc.","13.76","258123840","n/a","2002","n/a","n/a","http://www.nasdaq.com/symbol/nbh",
"NML","Neuberger Berman MLP Income Fund Inc.","19.99","0","n/a","n/a","n/a","n/a","http://www.nasdaq.com/symbol/nml",
"NBO","Neuberger Berman New York Intermediate Municipal Fund Inc.","13.28","67382720","n/a","2002","n/a","n/a","http://www.nasdaq.com/symbol/nbo",
"NRO","Neuberger Berman Real Estate Securities Income Fund, Inc.","4.95","276149837.7","n/a","2003","n/a","n/a","http://www.nasdaq.com/symbol/nro",
"CUR","Neuralstem, Inc.","1.64","113877818.16","n/a","1973","Health Care","Biotechnology: Biological Products (No Diagnostic Substances)","http://www.nasdaq.com/symbol/cur",
"UWN","Nevada Gold & Casinos, Inc.","0.9447","15168969.4899","n/a","n/a","Consumer Services","Services-Misc. Amusement & Recreation","http://www.nasdaq.com/symbol/uwn",
"NSU","Nevsun Resources Ltd","3.25","646775398.75","n/a","n/a","Basic Industries","Precious Metals","http://www.nasdaq.com/symbol/nsu",
"GBR","New Concept Energy, Inc","1.14","2219505.9","n/a","n/a","Energy","Oil & Gas Production","http://www.nasdaq.com/symbol/gbr",
"NEN","New England Realty Associates Limited Partnership","41.45","130387607","n/a","n/a","Consumer Services","Building operators","http://www.nasdaq.com/symbol/nen",
"NGD","NEW GOLD INC.","7.03","3354030026.66","n/a","n/a","Basic Industries","Precious Metals","http://www.nasdaq.com/symbol/ngd",
"PAL","North American Palladium, Ltd.","1.1","196425714.1","n/a","2000","Basic Industries","Precious Metals","http://www.nasdaq.com/symbol/pal",
"NAK","Northern Dynasty Minerals, Ltd.","2.45","232774166.8","n/a","n/a","Basic Industries","Precious Metals","http://www.nasdaq.com/symbol/nak",
"NOG","Northern Oil and Gas, Inc.","13.36","852154934.72","n/a","n/a","Energy","Oil & Gas Production","http://www.nasdaq.com/symbol/nog",
"NBY","NovaBay Pharmaceuticals, Inc.","1.32","49276704.84","n/a","2007","Health Care","Major Pharmaceuticals","http://www.nasdaq.com/symbol/nby",
"NCQ","NovaCopper Inc.","1.99","105501038.03","n/a","n/a","Basic Industries","Precious Metals","http://www.nasdaq.com/symbol/ncq",
"NG","Novagold Resources Inc.","2.26","715625840.52","n/a","n/a","Basic Industries","Precious Metals","http://www.nasdaq.com/symbol/ng",
"NTN","NTN Buzztime, Inc.","0.4","28616996.4","n/a","n/a","Consumer Services","Broadcasting","http://www.nasdaq.com/symbol/ntn",
"NLP","NTS Realty Holdings Limited Partnership","7.2","79885972.8","n/a","n/a","Consumer Services","Real Estate Investment Trusts","http://www.nasdaq.com/symbol/nlp",
"NTS","NTS, Inc.","1.58","65074821.68","n/a","n/a","Consumer Services","Telecommunications Equipment","http://www.nasdaq.com/symbol/nts",
"NEA","Nuveen AMT-Free Municipal Income Fund","12.41","978938985.57","n/a","2002","n/a","n/a","http://www.nasdaq.com/symbol/nea",
"NAZ^C","Nuveen Arizona Premium Income Municipal Fund","10","0","n/a","n/a","n/a","n/a","http://www.nasdaq.com/symbol/naz^c",
"NKX","Nuveen California AMT-Free Municipal Income Fund","12.5201","523888072.0961","n/a","2002","n/a","n/a","http://www.nasdaq.com/symbol/nkx",
"NVX","Nuveen California Dividend Advantage Municipal Fund 2","13.11","193413665.4","n/a","2001","n/a","n/a","http://www.nasdaq.com/symbol/nvx",
"NZH","Nuveen California Dividend Advantage Municipal Fund 3","11.68","282094005.12","n/a","n/a","n/a","n/a","http://www.nasdaq.com/symbol/nzh",
"NCB","Nuveen California Municipal Value Fund 2","15","49318500","n/a","n/a","n/a","n/a","http://www.nasdaq.com/symbol/ncb",
"NCU","Nuveen California Premium Income Municipal Fund","13.21","75730882.45","n/a","1993","n/a","n/a","http://www.nasdaq.com/symbol/ncu",
"CFD","Nuveen Diversified Commodity Fund","17.25","159031890","n/a","1998","Finance","Investment Bankers/Brokers/Service","http://www.nasdaq.com/symbol/cfd",
"NXZ","Nuveen Dividend Advantage Municipal Fund 2","13.19","388820241.09","n/a","2001","n/a","n/a","http://www.nasdaq.com/symbol/nxz",
"NZF","Nuveen Dividend Advantage Municipal Fund 3","12.62","509848353.36","n/a","2007","n/a","n/a","http://www.nasdaq.com/symbol/nzf",
"NVG","Nuveen Dividend Advantage Municipal Income Fund","12.8401","382672216.29","n/a","2002","n/a","n/a","http://www.nasdaq.com/symbol/nvg",
"NKG","Nuveen Georgia Dividend Advantage Municipal Fund 2","12.2","128688601.2","n/a","2002","n/a","n/a","http://www.nasdaq.com/symbol/nkg",
"NKG^E","Nuveen Georgia Dividend Advantage Municipal Fund 2","10.04","0","n/a","n/a","n/a","n/a","http://www.nasdaq.com/symbol/nkg^e",
"CTF","Nuveen Long/Short Commodity Total Return Fund","18.84","354028845.6","n/a","1986","Finance","Investment Bankers/Brokers/Service","http://www.nasdaq.com/symbol/ctf",
"NGX","Nuveen Massachusetts AMT-Free Municipal Income Fund","12.9","35182389.3","n/a","2002","n/a","n/a","http://www.nasdaq.com/symbol/ngx",
"NMB","Nuveen Massachusetts Dividend Advantage Municipal Fund","14.28","28072423.68","n/a","2001","n/a","n/a","http://www.nasdaq.com/symbol/nmb",
"NMB^C","Nuveen Massachusetts Dividend Advantage Municipal Fund","10.05","0","n/a","n/a","n/a","n/a","http://www.nasdaq.com/symbol/nmb^c",
"NUM^C","Nuveen Michigan Quality Income Municipal Fund","10.01","0","n/a","n/a","n/a","n/a","http://www.nasdaq.com/symbol/num^c",
"NOM","Nuveen Missouri Premium Income Municipal Fund","15","34878705","n/a","1993","n/a","n/a","http://www.nasdaq.com/symbol/nom",
"NMZ","Nuveen Municipal High Income Opportunity Fund","11.93","376070940.9","n/a","2003","n/a","n/a","http://www.nasdaq.com/symbol/nmz",
"NXJ","Nuveen New Jersey Dividend Advantage Municipal Fund","13.01","85484650.88","n/a","2001","n/a","n/a","http://www.nasdaq.com/symbol/nxj",
"NUJ","Nuveen New Jersey Dividend Advantage Municipal Fund 2","12.85","58172129.9","n/a","1991","n/a","n/a","http://www.nasdaq.com/symbol/nuj",
"NJV","Nuveen New Jersey Municipal Value Fund","14.48","22661721.28","n/a","n/a","n/a","n/a","http://www.nasdaq.com/symbol/njv",
"NRK","Nuveen New York AMT-Free Municipal Income Fund","12.62","1105745520.48","n/a","2002","n/a","n/a","http://www.nasdaq.com/symbol/nrk",
"NXK","Nuveen New York Dividend Advantage Municipal Fund 2","13.0301","84546012.3316","n/a","2001","n/a","n/a","http://www.nasdaq.com/symbol/nxk",
"NYV","Nuveen New York Municipal Value Fund 2","14.01","32918064.12","n/a","2009","n/a","n/a","http://www.nasdaq.com/symbol/nyv",
"NUO^A","Nuveen Ohio Quality Income Municipal Fund","10","0","n/a","n/a","n/a","n/a","http://www.nasdaq.com/symbol/nuo^a",
"NUO^D","Nuveen Ohio Quality Income Municipal Fund","10.05","0","n/a","n/a","n/a","n/a","http://www.nasdaq.com/symbol/nuo^d",
"NXM","Nuveen Pennsylvania Dividend Advantage Municipal Fund","12.68","42122757.12","n/a","2001","n/a","n/a","http://www.nasdaq.com/symbol/nxm",
"NVY","Nuveen Pennsylvania Dividend Advantage Municipal Fund 2","12.6","46954681.2","n/a","1993","n/a","n/a","http://www.nasdaq.com/symbol/nvy",
"NPN","Nuveen Pennsylvania Municipal Value Fund","14.632","17841558.464","n/a","1992","n/a","n/a","http://www.nasdaq.com/symbol/npn",
"JRS","Nuveen Real Estate Fund","12.13","347104498.75","n/a","2001","n/a","n/a","http://www.nasdaq.com/symbol/jrs",
"OGEN","Oragenics, Inc.","3.21","88239946.8","n/a","n/a","Health Care","Major Pharmaceuticals","http://www.nasdaq.com/symbol/ogen",
"OBT","Orbital Corporation Limited","2.57","7826045.78","n/a","n/a","Miscellaneous","Multi-Sector Companies","http://www.nasdaq.com/symbol/obt",
"ORC","Orchid Island Capital, Inc.","12.38","41369812.7","n/a","n/a","Consumer Services","Real Estate Investment Trusts","http://www.nasdaq.com/symbol/orc",
"TIS","Orchids Paper Products Company","27.5","214245762.5","n/a","1988","Basic Industries","Paper","http://www.nasdaq.com/symbol/tis",
"ONVO","Organovo Holdings, Inc.","6.72","436470814.08","n/a","n/a","n/a","n/a","http://www.nasdaq.com/symbol/onvo",
"ONP","Orient Paper, Inc.","1.67","30823023","n/a","n/a","Consumer Durables","Containers/Packaging","http://www.nasdaq.com/symbol/onp",
"OESX","Orion Energy Systems, Inc.","2.44","49239470.84","n/a","2007","Consumer Durables","Building Products","http://www.nasdaq.com/symbol/oesx",
"OFI","Overhill Farms, Inc.","4.98","79911789.12","n/a","n/a","Consumer Non-Durables","Packaged Foods","http://www.nasdaq.com/symbol/ofi",
"ORM","Owens Realty Mortgage, Inc.","9.64","0","n/a","n/a","Consumer Services","Real Estate Investment Trusts","http://www.nasdaq.com/symbol/orm",
"PHF","Pacholder High Yield Fund, Inc.","8.72","113249491.44","n/a","1988","n/a","n/a","http://www.nasdaq.com/symbol/phf",
"PBM","Pacific Booker Minerals Inc","3.6","44483540.4","n/a","n/a","Basic Industries","Precious Metals","http://www.nasdaq.com/symbol/pbm",
"PCG^A","Pacific Gas & Electric Co.","29.15","0","n/a","n/a","n/a","n/a","http://www.nasdaq.com/symbol/pcg^a",
"PCG^B","Pacific Gas & Electric Co.","27.15","0","n/a","n/a","n/a","n/a","http://www.nasdaq.com/symbol/pcg^b",
"PCG^C","Pacific Gas & Electric Co.","24.9805","0","n/a","n/a","n/a","n/a","http://www.nasdaq.com/symbol/pcg^c",
"PCG^D","Pacific Gas & Electric Co.","24.77","0","n/a","n/a","n/a","n/a","http://www.nasdaq.com/symbol/pcg^d",
"PCG^E","Pacific Gas & Electric Co.","24.8936","0","n/a","n/a","n/a","n/a","http://www.nasdaq.com/symbol/pcg^e",
"PCG^G","Pacific Gas & Electric Co.","23.8","0","n/a","n/a","n/a","n/a","http://www.nasdaq.com/symbol/pcg^g",
"PCG^H","Pacific Gas & Electric Co.","23.7","0","n/a","n/a","n/a","n/a","http://www.nasdaq.com/symbol/pcg^h",
"PCG^I","Pacific Gas & Electric Co.","23.25","0","n/a","n/a","n/a","n/a","http://www.nasdaq.com/symbol/pcg^i",
"PTN","Palatin Technologies, Inc.","0.622","24225601.264","n/a","1997","Health Care","Major Pharmaceuticals","http://www.nasdaq.com/symbol/ptn",
"PZG","Paramount Gold and Silver Corp.","1.39","216466184.52","n/a","n/a","Basic Industries","Precious Metals","http://www.nasdaq.com/symbol/pzg",
"PCYG","Park City Group, Inc.","7.9","127357614.3","n/a","n/a","Technology","EDP Services","http://www.nasdaq.com/symbol/pcyg",
"PRK","Park National Corporation","77.76","1198435564.8","n/a","n/a","Finance","Major Banks","http://www.nasdaq.com/symbol/prk",
"PIP","PharmAthene, Inc","1.701","84132626.886","n/a","1973","Health Care","Major Pharmaceuticals","http://www.nasdaq.com/symbol/pip",
"HNW","Pioneer Diversified High Income Trust","20.25","167888497.5","n/a","2007","n/a","n/a","http://www.nasdaq.com/symbol/hnw",
"PLG","Platinum Group Metals Ltd.","0.9202","370619330.5484","n/a","1989","Basic Industries","Precious Metals","http://www.nasdaq.com/symbol/plg",
"PCC","PMC Commercial Trust","9.54","101087938.8","n/a","1993","Consumer Services","Real Estate Investment Trusts","http://www.nasdaq.com/symbol/pcc",
"PLM","Polymet Mining Corp.","0.77","211679626.62","n/a","n/a","Basic Industries","Precious Metals","http://www.nasdaq.com/symbol/plm",
"PW","Power REIT","8.5499","14135122.175","n/a","n/a","Consumer Services","Real Estate Investment Trusts","http://www.nasdaq.com/symbol/pw",
"APTS","Preferred Apartment Communities, Inc.","8.65","46049183.25","n/a","n/a","Consumer Services","Real Estate Investment Trusts","http://www.nasdaq.com/symbol/apts",
"PBTH","PROLOR Biotech, Inc.","6.9","439392814.2","n/a","n/a","Health Care","Major Pharmaceuticals","http://www.nasdaq.com/symbol/pbth",
"PLX","Protalix BioTherapeutics, Inc.","5.64","527358431.52","n/a","n/a","Health Care","Biotechnology: Biological Products (No Diagnostic Substances)","http://www.nasdaq.com/symbol/plx",
"PDO","Pyramid Oil Co","4.25","19924361.25","n/a","n/a","Energy","Oil & Gas Production","http://www.nasdaq.com/symbol/pdo",
"QMM","Quaterra Resources Inc","0.11","17928991.96","n/a","n/a","Basic Industries","Precious Metals","http://www.nasdaq.com/symbol/qmm",
"QRM","Quest Rare Minerals Ltd","0.53","32944632.52","n/a","n/a","Basic Industries","Precious Metals","http://www.nasdaq.com/symbol/qrm",
"RLGT","Radiant Logistics, Inc.","1.9","63361515.4","n/a","n/a","Transportation","Oil Refining/Marketing","http://www.nasdaq.com/symbol/rlgt",
"REE","Rare Element Resources Ltd.","2.02","90685615.38","n/a","1992","Basic Industries","Precious Metals","http://www.nasdaq.com/symbol/ree",
"UTG","Reaves Utility Income Fund","25.8","748568785.2","n/a","2004","n/a","n/a","http://www.nasdaq.com/symbol/utg",
"REED","Reeds, Inc.","5.8","72649413.8","n/a","1986","Consumer Non-Durables","Beverages (Production/Distribution)","http://www.nasdaq.com/symbol/reed",
"RWC","RELM Wireless Corporation","3.42","46325548.44","n/a","n/a","Technology","Radio And Television Broadcasting And Communications Equipment","http://www.nasdaq.com/symbol/rwc",
"RCG","Renaissance Capital Growth & Income Fund III, Inc.","1.53","6829869.51","n/a","n/a","n/a","n/a","http://www.nasdaq.com/symbol/rcg",
"RTK","Rentech, Inc.","2.28","515144492.76","n/a","1991","Basic Industries","Agricultural Chemicals","http://www.nasdaq.com/symbol/rtk",
"RVP","Retractable Technologies, Inc.","1.62","43876664.82","n/a","n/a","Health Care","Medical/Dental Instruments","http://www.nasdaq.com/symbol/rvp",
"RVM","Revett Minerals Inc.","0.6801","23529002.7987","n/a","n/a","Basic Industries","Precious Metals","http://www.nasdaq.com/symbol/rvm",
"RNN","Rexahn Pharmaceuticals, Inc.","0.6073","72529225.0197","n/a","n/a","Health Care","Major Pharmaceuticals","http://www.nasdaq.com/symbol/rnn",
"RIC","Richmont Mines, Inc.","1.45","57414349.35","n/a","n/a","Basic Industries","Precious Metals","http://www.nasdaq.com/symbol/ric",
"RIF","RMR Real Estate Income Fund.","20.75","158768770.25","n/a","2002","n/a","n/a","http://www.nasdaq.com/symbol/rif",
"RPI","Roberts Realty Investors, Inc.","1.14","12138805.5","n/a","n/a","Consumer Services","Real Estate Investment Trusts","http://www.nasdaq.com/symbol/rpi",
"RBY","Rubicon Minerals Corp","1.28","369413251.84","n/a","n/a","Basic Industries","Precious Metals","http://www.nasdaq.com/symbol/rby",
"BQY","S&P Quality Rankings Glbl Equ Mngd Tr","12.79","14844671408.11","n/a","2004","n/a","n/a","http://www.nasdaq.com/symbol/bqy",
"SGA","Saga Communications, Inc.","51","289793985","n/a","1992","Consumer Services","Broadcasting","http://www.nasdaq.com/symbol/sga",
"SSN","Samson Oil & Gas Limited","0.4506","47647161.3552","n/a","n/a","Energy","Oil & Gas Production","http://www.nasdaq.com/symbol/ssn",
"SDO^A","San Diego Gas & Electric Company","21.63","0","n/a","n/a","n/a","n/a","http://www.nasdaq.com/symbol/sdo^a",
"SDO^B","San Diego Gas & Electric Company","20.52","0","n/a","n/a","n/a","n/a","http://www.nasdaq.com/symbol/sdo^b",
"SDO^C","San Diego Gas & Electric Company","21.43","0","n/a","n/a","n/a","n/a","http://www.nasdaq.com/symbol/sdo^c",
"SDO^H","San Diego Gas & Electric Company","28.47","0","n/a","n/a","n/a","n/a","http://www.nasdaq.com/symbol/sdo^h",
"SAND          ","Sandstorm Gold Ltd","5.96","557114182.64","n/a","n/a","Basic Industries","Precious Metals","http://www.nasdaq.com/symbol/sand          ",
"SARA","Saratoga Resources Inc","1.72","53167953.72","n/a","n/a","Energy","Oil & Gas Production","http://www.nasdaq.com/symbol/sara",
"SEB","Seaboard Corporation","2903.96","3475819419.04","n/a","1996","Finance","Investment Bankers/Brokers/Service","http://www.nasdaq.com/symbol/seb",
"SED","SED International Holdings Inc","1.9","9814450","n/a","n/a","Technology","Retail: Computer Software & Peripheral Equipment","http://www.nasdaq.com/symbol/sed",
"SVT","Servotronics, Inc.","8.04","20382051.24","n/a","n/a","Capital Goods","Industrial Machinery/Components","http://www.nasdaq.com/symbol/svt",
"SIF","SIFCO Industries, Inc.","17.7","95111410.2","n/a","n/a","Capital Goods","Aerospace","http://www.nasdaq.com/symbol/sif",
"SVBL","Silver Bull Resources, Inc.","0.3895","61958799.9015","n/a","n/a","Basic Industries","Precious Metals","http://www.nasdaq.com/symbol/svbl",
"SVLC","SilverCrest Mines, Inc.","1.7","184608448.5","n/a","n/a","Basic Industries","Precious Metals","http://www.nasdaq.com/symbol/svlc",
"WWZ^K","SiM Internal Test 10","n/a","0","n/a","n/a","n/a","n/a","http://www.nasdaq.com/symbol/wwz^k",
"MMZ^K","SiM Internal Test 6","n/a","0","n/a","n/a","n/a","n/a","http://www.nasdaq.com/symbol/mmz^k",
"OOZ^K","SiM Internal Test 7","n/a","0","n/a","n/a","n/a","n/a","http://www.nasdaq.com/symbol/ooz^k",
"QQZ^K","SiM Internal Test 8","n/a","0","n/a","n/a","n/a","n/a","http://www.nasdaq.com/symbol/qqz^k",
"SS^K","SiM Internal Test 9","n/a","0","n/a","n/a","n/a","n/a","http://www.nasdaq.com/symbol/ss^k",
"SLI","SL Industries, Inc.","27.96","116341560","n/a","n/a","Capital Goods","Industrial Machinery/Components","http://www.nasdaq.com/symbol/sli",
"ZXX","SM Listed Test 3","n/a","0","n/a","n/a","n/a","n/a","http://www.nasdaq.com/symbol/zxx",
"ZXX^F","SM Listed Test 3","n/a","0","n/a","n/a","n/a","n/a","http://www.nasdaq.com/symbol/zxx^f",
"XPL","Solitario Exploration & Royalty Corp","0.84","29091264.72","n/a","n/a","Basic Industries","Precious Metals","http://www.nasdaq.com/symbol/xpl",
"SOQ","Sonde Resources Corp","0.7821","48725960.9166","n/a","n/a","Energy","Oil & Gas Production","http://www.nasdaq.com/symbol/soq",
"SCE^B","Southern California Edison Company","22.494","0","n/a","n/a","n/a","n/a","http://www.nasdaq.com/symbol/sce^b",
"SCE^C","Southern California Edison Company","21.7796","0","n/a","n/a","n/a","n/a","http://www.nasdaq.com/symbol/sce^c",
"SCE^D","Southern California Edison Company","22.35","0","n/a","n/a","n/a","n/a","http://www.nasdaq.com/symbol/sce^d",
"SCE^E","Southern California Edison Company","24.188","0","n/a","n/a","n/a","n/a","http://www.nasdaq.com/symbol/sce^e",
"SGB","Southwest Georgia Financial Corporation","9.94","25325499.78","n/a","n/a","Finance","Major Banks","http://www.nasdaq.com/symbol/sgb",
"LOV","Spark Networks, Inc.","8.67","182338917.39","n/a","n/a","Miscellaneous","Business Services","http://www.nasdaq.com/symbol/lov",
"SILU","Sprott Resource Lending Corp.","1.19","174902533.61","n/a","n/a","Finance","Commercial Banks","http://www.nasdaq.com/symbol/silu",
"SSY","SunLink Health Systems, Inc.","0.8","7554726.4","n/a","n/a","Health Care","Hospital/Nursing Management","http://www.nasdaq.com/symbol/ssy",
"STS","Supreme Industries, Inc.","4.9799","71393385.1891","n/a","n/a","Capital Goods","Construction/Ag Equipment/Trucks","http://www.nasdaq.com/symbol/sts",
"SYRG","Synergy Resources Corporation","7.73","532792800.9","n/a","n/a","Energy","Oil & Gas Production","http://www.nasdaq.com/symbol/syrg",
"SYN","Synthetic Biologics, Inc","1.62","72340150.68","n/a","n/a","Health Care","Major Pharmaceuticals","http://www.nasdaq.com/symbol/syn",
"TRX","Tanzanian Royalty Exploration Corporation","2.99","301753180.04","n/a","2005","Basic Industries","Precious Metals","http://www.nasdaq.com/symbol/trx",
"TGB","Taseko Mines Limited","2","385123110","n/a","n/a","Basic Industries","Precious Metals","http://www.nasdaq.com/symbol/tgb",
"TAS","Tasman Metals Ltd","0.65","39553138.3","n/a","n/a","Basic Industries","Precious Metals","http://www.nasdaq.com/symbol/tas",
"TSH","Teche Holding Company","45.73","93347185.64","n/a","n/a","Finance","Major Banks","http://www.nasdaq.com/symbol/tsh",
"TIK","Tel-Instrument Electronics Corp.","3.52","11305321.28","n/a","n/a","Capital Goods","Electrical Products","http://www.nasdaq.com/symbol/tik",
"TGC","Tengasco, Inc.","0.56","34071751.28","n/a","n/a","Energy","Oil & Gas Production","http://www.nasdaq.com/symbol/tgc",
"TF","Thai Capital Fund Inc","11.97","42800518.53","n/a","n/a","n/a","n/a","http://www.nasdaq.com/symbol/tf",
"GLU","The Gabelli Global Utility and Income Trust","19.87","61543033.08","n/a","2004","n/a","n/a","http://www.nasdaq.com/symbol/glu",
"GLU^A","The Gabelli Global Utility and Income Trust","50.96","0","n/a","n/a","n/a","n/a","http://www.nasdaq.com/symbol/glu^a",
"TXMD","TherapeuticsMD, Inc.","2.45","321320768.3","n/a","n/a","Health Care","Major Pharmaceuticals","http://www.nasdaq.com/symbol/txmd",
"TPI","Tianyin Pharmaceutical Co., Inc.","0.6501","19069247.4291","n/a","1986","Health Care","Major Pharmaceuticals","http://www.nasdaq.com/symbol/tpi",
"IDI","Tiger Media, Inc.","0.9","29009484","n/a","n/a","Consumer Services","Advertising","http://www.nasdaq.com/symbol/idi",
"IDI/WS","Tiger Media, Inc.","0.1012","0","n/a","n/a","n/a","n/a","http://www.nasdaq.com/symbol/idi/ws",
"TLR","Timberline Resources Corporation","0.1875","10433583.375","n/a","1983","Basic Industries","Precious Metals","http://www.nasdaq.com/symbol/tlr",
"TGD","Timmons Gold Corp","2.16","311383537.2","n/a","n/a","Basic Industries","Precious Metals","http://www.nasdaq.com/symbol/tgd",
"TOF","Tofutti Brands Inc.","1.57","8091318.42","n/a","n/a","Consumer Non-Durables","Specialty Foods","http://www.nasdaq.com/symbol/tof",
"TMP","Tompkins Financial Corporation","47.89","692259528","n/a","n/a","Finance","Major Banks","http://www.nasdaq.com/symbol/tmp",
"TAT","Transatlantic Petroleum Ltd","0.71","262206161.63","n/a","n/a","Energy","Oil & Gas Production","http://www.nasdaq.com/symbol/tat",
"TPLM","Triangle Petroleum Corporation","7.75","437219381","n/a","n/a","Energy","Oil & Gas Production","http://www.nasdaq.com/symbol/tplm",
"TRT","Trio-Tech International","3.25","10795053.75","n/a","1984","Technology","Industrial Machinery/Components","http://www.nasdaq.com/symbol/trt",
"TCX","Tucows Inc.","1.89","76330880.01","n/a","n/a","Technology","EDP Services","http://www.nasdaq.com/symbol/tcx",
"TWO/WS","Two Harbors Investments Corp","0.85","0","n/a","n/a","n/a","n/a","http://www.nasdaq.com/symbol/two/ws",
"HTM","U.S. Geothermal Inc.","0.46","46697711.44","n/a","n/a","Public Utilities","Electric Utilities: Central","http://www.nasdaq.com/symbol/htm",
"UAMY","United States Antimony Corporation","1.01","62515693.26","n/a","n/a","Capital Goods","Metal Fabrications","http://www.nasdaq.com/symbol/uamy",
"UVE","UNIVERSAL INSURANCE HOLDINGS INC","8.3","292714215.9","n/a","n/a","Finance","Property-Casualty Insurers","http://www.nasdaq.com/symbol/uve",
"UPG","Universal Power Group Inc","1.68","8433600","n/a","2006","Consumer Non-Durables","Telecommunications Equipment","http://www.nasdaq.com/symbol/upg",
"UUU","Universal Security Instruments, Inc.","5.5","12583378.5","n/a","n/a","Consumer Non-Durables","Electronic Components","http://www.nasdaq.com/symbol/uuu",
"UQM","UQM TECHNOLOGIES INC","1.15","42582618.6","n/a","n/a","Capital Goods","Industrial Machinery/Components","http://www.nasdaq.com/symbol/uqm",
"URG","Ur Energy Inc","1.17","143171503.02","n/a","n/a","Basic Industries","Precious Metals","http://www.nasdaq.com/symbol/urg",
"URZ","Uranerz Energy Corporation","1.17","90332861.58","n/a","n/a","Basic Industries","Precious Metals","http://www.nasdaq.com/symbol/urz",
"UEC","Uranium Energy Corp.","2.19","187267000.74","n/a","n/a","Basic Industries","Precious Metals","http://www.nasdaq.com/symbol/uec",
"VTG","Vantage Drilling Company","1.85","558813264.4","n/a","n/a","Energy","Oil & Gas Production","http://www.nasdaq.com/symbol/vtg",
"VSR","Versar, Inc.","5.03","48356342.61","n/a","1986","Consumer Services","Military/Government/Technical","http://www.nasdaq.com/symbol/vsr",
"VII","Vicon Industries, Inc.","2.61","11731258.35","n/a","n/a","Consumer Durables","Telecommunications Equipment","http://www.nasdaq.com/symbol/vii",
"VHC","VirnetX Holding Corp","18.06","923788414.5","n/a","n/a","Miscellaneous","Multi-Sector Companies","http://www.nasdaq.com/symbol/vhc",
"VGZ","Vista Gold Corporation","0.8","65431068","n/a","n/a","Basic Industries","Precious Metals","http://www.nasdaq.com/symbol/vgz",
"EAD","Wells Fargo Advantage Income Opportunities Fund","9.15","649494459.15","n/a","2003","n/a","n/a","http://www.nasdaq.com/symbol/ead",
"ERC","Wells Fargo Advantage Multi-Sector Income Fund","14.64","615685200","n/a","2003","n/a","n/a","http://www.nasdaq.com/symbol/erc",
"ERH","Wells Fargo Advantage Utilities and High Income Fund","11.96","110404948.68","n/a","2004","n/a","n/a","http://www.nasdaq.com/symbol/erh",
"WGA","Wells-Gardner Electronics Corporation","1.72","20175600","n/a","n/a","Technology","Radio And Television Broadcasting And Communications Equipment","http://www.nasdaq.com/symbol/wga",
"SBI","Western Asset Intermediate Muni Fund Inc","9.23","129864364.76","n/a","1992","n/a","n/a","http://www.nasdaq.com/symbol/sbi",
"WRN","Western Copper and Gold Corporation","0.53","49652486.61","n/a","1994","Basic Industries","Precious Metals","http://www.nasdaq.com/symbol/wrn",
"WYY","WidePoint Corporation","0.69","43988781.33","n/a","n/a","Technology","EDP Services","http://www.nasdaq.com/symbol/wyy",
"WTT","Wireless Telecom Group,  Inc.","1.45","34564491","n/a","n/a","Capital Goods","Electrical Products","http://www.nasdaq.com/symbol/wtt",
"ZBB","ZBB Energy Corporation","0.2395","21205042.8395","n/a","2007","Public Utilities","Electric Utilities: Central","http://www.nasdaq.com/symbol/zbb",
